md5,url
ab3b15f91cee936cefcf77d4b9dcef04,https://s6-projects.oss-us-east-1.aliyuncs.com/ads/s6_info_2021_v4/videos/2025/12/31/9/1520351232523169.mp4
89e6fe67e418092a6779b0a288014d60,https://s6-projects.oss-us-east-1.aliyuncs.com/ads/s6_info_2021_v4/videos/2025/12/31/1/2269243423586121.mp4
aa80a704891c0511e3b5e6bd9ce14b16,https://s6-projects.oss-us-east-1.aliyuncs.com/ads/s6_info_2021_v4/videos/2026/01/06/7/843881508426607.mp4
70f5ce110c87766bf5fa982457dada4c,https://s6-projects.oss-us-east-1.aliyuncs.com/ads/s6_info_2021_v4/videos/2026/01/05/4/1586347529380334.mp4
7d8700768a38d4c534e6d0faa9d01e80,https://s6-projects.oss-us-east-1.aliyuncs.com/ads/s6_info_2021_v4/videos/2026/01/06/9/861428779817689.mp4
e7d095c767954d6facd11af9f5265d99,https://s6-projects.oss-us-east-1.aliyuncs.com/ads/s6_info_2021_v4/videos/2025/12/26/7/1192578146181677.mp4
34f990478ce44c6a3c3df27ab0a107c2,https://s6-projects.oss-us-east-1.aliyuncs.com/ads/s6_info_2021_v4/videos/2025/12/31/5/1195131526086975.mp4
022ae57b4a00d647bf5d587f8f4495c0,https://s6-projects.oss-us-east-1.aliyuncs.com/ads/s6_info_2021_v4/videos/2025/12/31/3/1437085917787383.mp4
68bad8586f9e0a74813b1454f742554a,https://s6-projects.oss-us-east-1.aliyuncs.com/ads/s6_info_2021_v4/videos/2025/12/31/9/1245152094188839.mp4
adb064af7c4dd2a005da7b7b93175dc7,https://s6-projects.oss-us-east-1.aliyuncs.com/ads/s6_info_2021_v4/videos/2025/12/26/9/763151666080849.mp4
9132464944d8f13cc7b75fd7ef2ac7b4,https://s6-projects.oss-us-east-1.aliyuncs.com/ads/s6_info_2021_v4/videos/2025/12/31/3/1565216774495183.mp4
f7f60e1cf3ac9ff8a8c699e9830320a4,https://s6-projects.oss-us-east-1.aliyuncs.com/ads/s6_info_2021_v4/videos/2025/12/31/7/850532154354937.mp4
4e7b202fe153d221e6b37abdabb52713,https://s6-projects.oss-us-east-1.aliyuncs.com/ads/s6_info_2021_v4/videos/2026/01/05/8/931775129181258.mp4
eb9a8a007b099f7ec61606ee5f687e3f,https://s6-projects.oss-us-east-1.aliyuncs.com/ads/s6_info_2021_v4/videos/2026/01/06/5/2118959298930315.mp4
ef7863b6e68e9b55045f8b28c5b18e15,https://s6-projects.oss-us-east-1.aliyuncs.com/ads/s6_info_2021_v4/videos/2025/12/31/7/1779310040123947.mp4
79be28ab794643bcb011e2118aeaed44,https://s6-projects.oss-us-east-1.aliyuncs.com/ads/s6_info_2021_v4/videos/2025/12/31/0/1961360358100790.mp4
adf62e627810b5c7f0688a1ef403ec3e,https://s6-projects.oss-us-east-1.aliyuncs.com/ads/s6_info_2021_v4/videos/2026/01/01/4/883729820857324.mp4
93bdc887f9f1aef99a995efe5d0cad6f,https://s6-projects.oss-us-east-1.aliyuncs.com/ads/s6_info_2021_v4/videos/2026/01/01/2/841421832106962.mp4
9726c0feed59df8508c05e2ec9ce09ce,https://s6-projects.oss-us-east-1.aliyuncs.com/ads/s6_info_2021_v4/videos/2026/01/05/6/4277029539247226.mp4
8cbef35ef2965af2db64281e9e71c97b,https://s6-projects.oss-us-east-1.aliyuncs.com/ads/s6_info_2021_v4/videos/2025/12/29/9/848795164532369.mp4
62991fb35a751aa995ae95604cbc9979,https://s6-projects.oss-us-east-1.aliyuncs.com/ads/s6_info_2021_v4/videos/2026/01/01/3/1227823535890023.mp4
07209977e8d0296f2be8dc7dc6bd4104,https://s6-projects.oss-us-east-1.aliyuncs.com/ads/s6_info_2021_v4/videos/2025/12/31/3/752853723913683.mp4
d468bf87d8c5f0a10edf077a89479fc3,https://s6-projects.oss-us-east-1.aliyuncs.com/ads/s6_info_2021_v4/videos/2026/01/05/4/889699880409364.mp4
6a91594f887258b5a37d2483740ae597,https://s6-projects.oss-us-east-1.aliyuncs.com/ads/s6_info_2021_v4/videos/2026/01/01/9/1400725945126339.mp4
5db7948c91be66aa23d359fda7d6e979,https://s6-projects.oss-us-east-1.aliyuncs.com/ads/s6_info_2021_v4/videos/2026/01/02/0/1147861303824020.mp4
d1fc70666e4194380026bf37f5cd7114,https://s6-projects.oss-us-east-1.aliyuncs.com/ads/s6_info_2021_v4/videos/2026/01/06/6/1615503913194796.mp4
24217e368118ca7fa41107e5ff7131c9,https://s6-projects.oss-us-east-1.aliyuncs.com/ads/s6_info_2021_v4/videos/2026/01/01/2/928296119883622.mp4
db76bf8ac508086cc2e6605ca6c4e7ae,https://s6-projects.oss-us-east-1.aliyuncs.com/ads/s6_info_2021_v4/videos/2026/01/02/3/870836825317093.mp4
13745e81353c8b63a7274bfdc266c4f9,https://s6-projects.oss-us-east-1.aliyuncs.com/ads/s6_info_2021_v4/videos/2026/01/03/0/932000056148380.mp4
f5dddcde2204d6176fdf757f53b00f22,https://s6-projects.oss-us-east-1.aliyuncs.com/ads/s6_info_2021_v4/videos/2025/12/30/7/1389167476316557.mp4
54834df20e886b8115b64c61d34174ca,https://s6-projects.oss-us-east-1.aliyuncs.com/ads/s6_info_2021_v4/videos/2025/12/30/6/923836087487296.mp4
fa7df4da1add6e53c405dddd018d1557,https://s6-projects.oss-us-east-1.aliyuncs.com/ads/s6_info_2021_v4/videos/2025/12/31/8/1540280830532798.mp4
f6de03df4985210eee8543241daa7a78,https://s6-projects.oss-us-east-1.aliyuncs.com/ads/s6_info_2021_v4/videos/2025/12/31/6/1290209039795176.mp4
cbd77455799fdd193ce1a680123ebbb8,https://s6-projects.oss-us-east-1.aliyuncs.com/ads/s6_info_2021_v4/videos/2026/01/05/0/4145830799016320.mp4
8f3af20717dcf9475ea39208138429db,https://s6-projects.oss-us-east-1.aliyuncs.com/ads/s6_info_2021_v4/videos/2026/01/01/0/1451397696636370.mp4
45349b676b3eae3df8d2546112f33232,https://s6-projects.oss-us-east-1.aliyuncs.com/ads/s6_info_2021_v4/videos/2025/12/31/9/2301945506946579.mp4
e74f0270094b455ff81a6e47dbd71301,https://s6-projects.oss-us-east-1.aliyuncs.com/ads/s6_info_2021_v4/videos/2025/12/26/1/2372923349845631.mp4
759235b1068a0edccee3432103730646,https://s6-projects.oss-us-east-1.aliyuncs.com/ads/s6_info_2021_v4/videos/2026/01/02/0/1589678161937690.mp4
5ef83a6f9b21fe0dbae90f3e89d93c37,https://s6-projects.oss-us-east-1.aliyuncs.com/ads/s6_info_2021_v4/videos/2025/12/31/4/1411986533786144.mp4
2744289b18e0724455e778653ac64c5c,https://s6-projects.oss-us-east-1.aliyuncs.com/ads/s6_info_2021_v4/videos/2025/12/26/4/843060591851414.mp4
98e8a4aecc60f6836f0cfa3e13520d22,https://s6-projects.oss-us-east-1.aliyuncs.com/ads/s6_info_2021_v4/videos/2026/01/05/3/1227449709293643.mp4
5a60696f70d6125ffd1f4bfb45ae4ac0,https://s6-projects.oss-us-east-1.aliyuncs.com/ads/s6_info_2021_v4/videos/2025/12/31/6/3857745477858536.mp4
986515d6965f194e6d754224c62ddbdd,https://s6-projects.oss-us-east-1.aliyuncs.com/ads/s6_info_2021_v4/videos/2025/12/29/5/1230231452296145.mp4
d3abb3a6ae4377ce36d09bd3a4394636,https://s6-projects.oss-us-east-1.aliyuncs.com/ads/s6_info_2021_v4/videos/2026/01/05/0/2301978703560840.mp4
a9dd05cb6205eaad32249234e16b7bfe,https://s6-projects.oss-us-east-1.aliyuncs.com/ads/s6_info_2021_v4/videos/2025/12/31/8/1357956628877548.mp4
af5652b65071c130ab4542b32c2ee8a3,https://s6-projects.oss-us-east-1.aliyuncs.com/ads/s6_info_2021_v4/videos/2025/12/31/9/911348081220399.mp4
21a168ab2f9e423a76ef7ecf7e0d126a,https://s6-projects.oss-us-east-1.aliyuncs.com/ads/s6_info_2021_v4/videos/2025/12/31/5/1261983655741605.mp4
393c5cf95a4adf6186df30ade5364564,https://s6-projects.oss-us-east-1.aliyuncs.com/ads/s6_info_2021_v4/videos/2026/01/02/1/1625562018883921.mp4
88dbf25789bca1c67dd75f26cd709035,https://s6-projects.oss-us-east-1.aliyuncs.com/ads/s6_info_2021_v4/videos/2025/12/31/3/2090620168376383.mp4
ff47aa39e92d2ca364d771a2ab039812,https://s6-projects.oss-us-east-1.aliyuncs.com/ads/s6_info_2021_v4/videos/2026/01/02/6/2069159343819676.mp4
c82182960b6b23130dd7a3181f70ec0e,https://s6-projects.oss-us-east-1.aliyuncs.com/ads/s6_info_2021_v4/videos/2025/12/31/9/862547283033109.mp4
8bce88e3ee231a7191f541217b3ccc6d,https://s6-projects.oss-us-east-1.aliyuncs.com/ads/s6_info_2021_v4/videos/2025/12/31/4/1266875842022154.mp4
3b72165a660d3f5e18040687bae89a1d,https://s6-projects.oss-us-east-1.aliyuncs.com/ads/s6_info_2021_v4/videos/2026/01/02/3/895960276194183.mp4
f4f35fd5fd47c2b50e9b8938e59e178d,https://s6-projects.oss-us-east-1.aliyuncs.com/ads/s6_info_2021_v4/videos/2026/01/02/8/1996816561163328.mp4
76144e2260f34f66c71724c9722c7222,https://s6-projects.oss-us-east-1.aliyuncs.com/ads/s6_info_2021_v4/videos/2025/12/31/6/825990420439526.mp4
e303208e1c2b46785215cad401fbc12f,https://s6-projects.oss-us-east-1.aliyuncs.com/ads/s6_info_2021_v4/videos/2025/12/31/6/1150496593826566.mp4
93117d4e81cefc72a12e413218f20a4a,https://s6-projects.oss-us-east-1.aliyuncs.com/ads/s6_info_2021_v4/videos/2025/12/31/5/2980889365443135.mp4
8509fc825866e902e927fad33c55f8a3,https://s6-projects.oss-us-east-1.aliyuncs.com/ads/s6_info_2021_v4/videos/2026/01/01/5/1242276037999195.mp4
27b03f17372a04eeb8c23209fce1a2a2,https://s6-projects.oss-us-east-1.aliyuncs.com/ads/s6_info_2021_v4/videos/2026/01/01/7/889440700199127.mp4
bae29ba112172b0a63fb1c625ae09d7e,https://s6-projects.oss-us-east-1.aliyuncs.com/ads/s6_info_2021_v4/videos/2025/12/31/5/1924153688531845.mp4
baf58871b64ea660441bbad881ecde7d,https://s6-projects.oss-us-east-1.aliyuncs.com/ads/s6_info_2021_v4/videos/2025/12/31/6/1185573527002456.mp4
5cf0d895025f7613a4d9b4b1d451f54d,https://s6-projects.oss-us-east-1.aliyuncs.com/ads/s6_info_2021_v4/videos/2025/12/31/9/1896875737582199.mp4
3367bdb905ec184bd95b18253c080b36,https://s6-projects.oss-us-east-1.aliyuncs.com/ads/s6_info_2021_v4/videos/2025/12/31/7/2043029333099017.mp4
5394d25ed10d908aa3fd099300e936d3,https://s6-projects.oss-us-east-1.aliyuncs.com/ads/s6_info_2021_v4/videos/2025/12/31/8/1659619158749278.mp4
faba9e551adce1db252042732522bfdd,https://s6-projects.oss-us-east-1.aliyuncs.com/ads/s6_info_2021_v4/videos/2025/12/31/2/4536895896573842.mp4
9c80c2223832c8ceb2db02aca998840a,https://s6-projects.oss-us-east-1.aliyuncs.com/ads/s6_info_2021_v4/videos/2025/12/31/5/1909700353291425.mp4
093caae2caf85df80a2c94b7fc70abac,https://s6-projects.oss-us-east-1.aliyuncs.com/ads/s6_info_2021_v4/videos/2025/12/31/7/1885486279002097.mp4
c3e70dea6197e17aa0c2d3f9e149d24f,https://s6-projects.oss-us-east-1.aliyuncs.com/ads/s6_info_2021_v4/videos/2026/01/06/1/1582189936539691.mp4
ad5500e9028d2341385f658dad585cb1,https://s6-projects.oss-us-east-1.aliyuncs.com/ads/s6_info_2021_v4/videos/2025/12/31/1/1434118628501131.mp4
9a66a68a8ec4c9768a81e7d31202bbf2,https://s6-projects.oss-us-east-1.aliyuncs.com/ads/s6_info_2021_v4/videos/2026/01/01/5/1506851760403735.mp4
e8d4c4e31aa87154a06e8ec58e7724eb,https://s6-projects.oss-us-east-1.aliyuncs.com/ads/s6_info_2021_v4/videos/2026/01/01/8/898429056094718.mp4
52215d9649de1c8e3d2df697afc633ec,https://s6-projects.oss-us-east-1.aliyuncs.com/ads/s6_info_2021_v4/videos/2025/12/22/5/3770092049951635.mp4
887cec0f45b41f50854abb60fdb68526,https://s6-projects.oss-us-east-1.aliyuncs.com/ads/s6_info_2021_v4/videos/2026/01/06/5/1376494056866325.mp4
1bcebc12339c709ce65aae92e4579d9b,https://s6-projects.oss-us-east-1.aliyuncs.com/ads/s6_info_2021_v4/videos/2025/12/31/9/1538484100749889.mp4
a8094c12ec93462cca8380be2d63a45f,https://s6-projects.oss-us-east-1.aliyuncs.com/ads/s6_info_2021_v4/videos/2025/12/31/0/1291182186147880.mp4
02cc82fa8eaf13181fd92ce90fd5f200,https://s6-projects.oss-us-east-1.aliyuncs.com/ads/s6_info_2021_v4/videos/2025/12/31/7/1550460612665747.mp4
cedd3ffc839816bc1641a278d43d21b0,https://s6-projects.oss-us-east-1.aliyuncs.com/ads/s6_info_2021_v4/videos/2025/12/31/5/897220429428795.mp4
ab72911f11aafb3aa3da08861a19989c,https://s6-projects.oss-us-east-1.aliyuncs.com/ads/s6_info_2021_v4/videos/2025/12/31/7/2092543398149627.mp4
4d726737454bc57bf2885245a7949ded,https://s6-projects.oss-us-east-1.aliyuncs.com/ads/s6_info_2021_v4/videos/2025/12/31/3/3839953962807083.mp4
43f5e5839fa203e64494ee59c4a5a18a,https://s6-projects.oss-us-east-1.aliyuncs.com/ads/s6_info_2021_v4/videos/2025/12/31/9/2681346025597199.mp4
f99aec40c0345c4bc113753f94a8bebb,https://s6-projects.oss-us-east-1.aliyuncs.com/ads/s6_info_2021_v4/videos/2025/12/31/8/1397187285400488.mp4
3913b82c9197400fdf50babfdaf84855,https://s6-projects.oss-us-east-1.aliyuncs.com/ads/s6_info_2021_v4/videos/2025/12/31/5/906672698449495.mp4
7503e247267489534c27044ef1108e16,https://s6-projects.oss-us-east-1.aliyuncs.com/ads/s6_info_2021_v4/videos/2025/12/31/1/3369485806553851.mp4
082bad316b099633bf90e8479eb374cc,https://s6-projects.oss-us-east-1.aliyuncs.com/ads/s6_info_2021_v4/videos/2026/01/01/7/1185769093757147.mp4
b1ab04fd9a48c335c278a7866a0e40c7,https://s6-projects.oss-us-east-1.aliyuncs.com/ads/s6_info_2021_v4/videos/2025/12/26/0/980996194405940.mp4
fb73c041622c0e08a7d13aa10f5ea14f,https://s6-projects.oss-us-east-1.aliyuncs.com/ads/s6_info_2021_v4/videos/2026/01/06/8/1547651226448768.mp4
dfa51224cfe51d729868fb658120a261,https://s6-projects.oss-us-east-1.aliyuncs.com/ads/s6_info_2021_v4/videos/2025/12/31/5/1181985090725005.mp4
c68a54bb790e791f3b77fc8839717ed7,https://s6-projects.oss-us-east-1.aliyuncs.com/ads/s6_info_2021_v4/videos/2025/12/31/8/1115512960519028.mp4
6a5936c52366b41602f22f977505dc3e,https://s6-projects.oss-us-east-1.aliyuncs.com/ads/s6_info_2021_v4/videos/2025/12/31/2/3786523238320772.mp4
1a8b4cfae0b818fb56e38ca5391868ac,https://s6-projects.oss-us-east-1.aliyuncs.com/ads/s6_info_2021_v4/videos/2026/01/02/1/1570589544079471.mp4
91ad3d2c1edf52bbca915ec3628c6e46,https://s6-projects.oss-us-east-1.aliyuncs.com/ads/s6_info_2021_v4/videos/2025/12/31/6/850948801140976.mp4
2fbd138672a93e4f9c0294c62b482db0,https://s6-projects.oss-us-east-1.aliyuncs.com/ads/s6_info_2021_v4/videos/2026/01/05/8/810997218619198.mp4
4f3510d0ca78b2cfe16fe52e68531c5f,https://s6-projects.oss-us-east-1.aliyuncs.com/ads/s6_info_2021_v4/videos/2025/12/30/7/4177159052504657.mp4
95577adf7de5dcc18819d476d037e432,https://s6-projects.oss-us-east-1.aliyuncs.com/ads/s6_info_2021_v4/videos/2025/12/31/6/741797845143156.mp4
05aa70e4648cb4435480d99c93aa4d96,https://s6-projects.oss-us-east-1.aliyuncs.com/ads/s6_info_2021_v4/videos/2025/12/31/0/1901062960767920.mp4
19b0b399a6cda5823e5a05e7763d6275,https://s6-projects.oss-us-east-1.aliyuncs.com/ads/s6_info_2021_v4/videos/2025/12/31/8/915792624300028.mp4
aaa2bba0b68a0745d21149d9b89c3edf,https://s6-projects.oss-us-east-1.aliyuncs.com/ads/s6_info_2021_v4/videos/2025/12/30/1/3245385815629761.mp4
87787e0d023c14cf34c66c34655b24d6,https://s6-projects.oss-us-east-1.aliyuncs.com/ads/s6_info_2021_v4/videos/2025/12/26/4/743519262126304.mp4
24cc9d62597ce24c851ee47695eb3105,https://s6-projects.oss-us-east-1.aliyuncs.com/ads/s6_info_2021_v4/videos/2026/01/01/7/1529301201686437.mp4
83d1c368df8dfefaf3746ba4fe3be263,https://s6-projects.oss-us-east-1.aliyuncs.com/ads/s6_info_2021_v4/videos/2025/12/31/3/1042719898010663.mp4
2c32c121a29170ace65f432018e8bbb3,https://s6-projects.oss-us-east-1.aliyuncs.com/ads/s6_info_2021_v4/videos/2025/12/26/1/2074921676617901.mp4
642717f29488c164f94c659744a1bae7,https://s6-projects.oss-us-east-1.aliyuncs.com/ads/s6_info_2021_v4/videos/2026/01/02/4/802459089475304.mp4
39a79a9dcab6ad5ac8e07f6297f55bfa,https://s6-projects.oss-us-east-1.aliyuncs.com/ads/s6_info_2021_v4/videos/2025/12/31/4/2254027955092044.mp4
66faf0abc6997e76222842fcc7a58834,https://s6-projects.oss-us-east-1.aliyuncs.com/ads/s6_info_2021_v4/videos/2026/01/04/8/857193750248818.mp4
fb0e4c53b64e66d7ee7f4b9fd95b5f9a,https://s6-projects.oss-us-east-1.aliyuncs.com/ads/s6_info_2021_v4/videos/2026/01/01/1/1525916152048461.mp4
8d5992f36c0ee7c77b134afc931076ec,https://s6-projects.oss-us-east-1.aliyuncs.com/ads/s6_info_2021_v4/videos/2025/12/31/5/2379860289117565.mp4
85afee467ff7b54155f902ced1d4a1a3,https://s6-projects.oss-us-east-1.aliyuncs.com/ads/s6_info_2021_v4/videos/2026/01/01/2/1383592683142862.mp4
b0a53b3da266ce20b0ce0807ce51081f,https://s6-projects.oss-us-east-1.aliyuncs.com/ads/s6_info_2021_v4/videos/2025/12/31/2/1236332635223232.mp4
1ad284e25311bc057de1d6a61e89342c,https://s6-projects.oss-us-east-1.aliyuncs.com/ads/s6_info_2021_v4/videos/2026/01/05/2/3211762615671842.mp4
879fab3a015606d59e09e459ff0adfaf,https://s6-projects.oss-us-east-1.aliyuncs.com/ads/s6_info_2021_v4/videos/2025/12/26/4/863492793069224.mp4
11b0a65acc08a774915a028ac95bf683,https://s6-projects.oss-us-east-1.aliyuncs.com/ads/s6_info_2021_v4/videos/2026/01/05/0/1381525966799250.mp4
31b3bb9fd6b7c2eb286345434810075d,https://s6-projects.oss-us-east-1.aliyuncs.com/ads/s6_info_2021_v4/videos/2026/01/05/6/3335527113266936.mp4
4eae7169ad88875bcb072bc196850516,https://s6-projects.oss-us-east-1.aliyuncs.com/ads/s6_info_2021_v4/videos/2025/12/30/1/657419177458211.mp4
836a36831b154e592304cca2125144b9,https://s6-projects.oss-us-east-1.aliyuncs.com/ads/s6_info_2021_v4/videos/2026/01/02/1/1772342533421851.mp4
0f6905047ba214ad279b8ac3df3cfe79,https://s6-projects.oss-us-east-1.aliyuncs.com/ads/s6_info_2021_v4/videos/2025/12/31/2/1349925779756422.mp4
196ae8bb7a5bb45eb8309569df6ce15f,https://s6-projects.oss-us-east-1.aliyuncs.com/ads/s6_info_2021_v4/videos/2026/01/05/4/3390114507833624.mp4
cb25703c4f5f72b9050f1d6df8c10962,https://s6-projects.oss-us-east-1.aliyuncs.com/ads/s6_info_2021_v4/videos/2026/01/03/3/929396596923633.mp4
108284c5a2089cb24273f0eadf6dfa99,https://s6-projects.oss-us-east-1.aliyuncs.com/ads/s6_info_2021_v4/videos/2025/12/26/7/904733595459947.mp4
2b998074855e3b9cfecf5c6c4c3a76a8,https://s6-projects.oss-us-east-1.aliyuncs.com/ads/s6_info_2021_v4/videos/2025/12/26/3/862544333180813.mp4
5e5d1f3eca4f50b2cca5c485acbf370a,https://s6-projects.oss-us-east-1.aliyuncs.com/ads/s6_info_2021_v4/videos/2026/01/05/1/847024084986711.mp4
6d7f88ccec767df63e359230da2f5887,https://s6-projects.oss-us-east-1.aliyuncs.com/ads/s6_info_2021_v4/videos/2025/12/31/4/875948971800674.mp4
1ec7972e7d076c4d966bb768aa769e3f,https://s6-projects.oss-us-east-1.aliyuncs.com/ads/s6_info_2021_v4/videos/2025/12/30/3/1210893824354683.mp4
97e07466e8c8d632e3e231d5fa323198,https://s6-projects.oss-us-east-1.aliyuncs.com/ads/s6_info_2021_v4/videos/2026/01/01/2/843259595359882.mp4
c5c20c94fa08bf39c236c72c1252d32f,https://s6-projects.oss-us-east-1.aliyuncs.com/ads/s6_info_2021_v4/videos/2025/12/31/1/762271016189391.mp4
7160cd06cf26b83164f006ee68300295,https://s6-projects.oss-us-east-1.aliyuncs.com/ads/s6_info_2021_v4/videos/2025/12/31/9/3769523740022709.mp4
264c94d4dc858650fe04020f5dbd04a5,https://s6-projects.oss-us-east-1.aliyuncs.com/ads/s6_info_2021_v4/videos/2026/01/05/4/1401068208475874.mp4
20b6b7509efef4e3f1bd4ea52c11dd97,https://s6-projects.oss-us-east-1.aliyuncs.com/ads/s6_info_2021_v4/videos/2025/12/26/9/1703953083911139.mp4
a4b37db511a591632e617cb5bf1bf5fb,https://s6-projects.oss-us-east-1.aliyuncs.com/ads/s6_info_2021_v4/videos/2026/01/05/4/1398680564997564.mp4
95e6f5e8a401bafa53d5622644731aae,https://s6-projects.oss-us-east-1.aliyuncs.com/ads/s6_info_2021_v4/videos/2025/12/30/4/1401957011387514.mp4
1f65aa9767cea53c63271ba6fb95e1ea,https://s6-projects.oss-us-east-1.aliyuncs.com/ads/s6_info_2021_v4/videos/2026/01/05/5/33568943276030075.mp4
ba60290dcfa19ffb2e1b9de0e5c42a16,https://s6-projects.oss-us-east-1.aliyuncs.com/ads/s6_info_2021_v4/videos/2025/12/31/7/1206681370797297.mp4
8cc57d81c641306486abae595f214990,https://s6-projects.oss-us-east-1.aliyuncs.com/ads/s6_info_2021_v4/videos/2025/12/31/8/2967244966798168.mp4
333137cb17324268d6220c96ab1686ee,https://s6-projects.oss-us-east-1.aliyuncs.com/ads/s6_info_2021_v4/videos/2026/01/01/6/1385238225951996.mp4
f45b1d26956004edc6884c7f3d656a2d,https://s6-projects.oss-us-east-1.aliyuncs.com/ads/s6_info_2021_v4/videos/2025/12/26/3/1369007878059513.mp4
ef0cd34877823074da724528a3ed7248,https://s6-projects.oss-us-east-1.aliyuncs.com/ads/s6_info_2021_v4/videos/2025/12/31/5/1536403997614705.mp4
4928a447d890092b40a1771ae821594b,https://s6-projects.oss-us-east-1.aliyuncs.com/ads/s6_info_2021_v4/videos/2026/01/05/1/1655420615836761.mp4
1f0327d1fff55a3e4685468dfe891165,https://s6-projects.oss-us-east-1.aliyuncs.com/ads/s6_info_2021_v4/videos/2025/12/26/9/2279138456223239.mp4
fa709323fb78ad1479dd328b0a4769ed,https://s6-projects.oss-us-east-1.aliyuncs.com/ads/s6_info_2021_v4/videos/2025/12/31/5/3517954598343895.mp4
c43014a6a43a02f4dcc8f04135336f19,https://s6-projects.oss-us-east-1.aliyuncs.com/ads/s6_info_2021_v4/videos/2025/12/31/9/1559288458556489.mp4
85767eae91c64557d5c3634e0249c917,https://s6-projects.oss-us-east-1.aliyuncs.com/ads/s6_info_2021_v4/videos/2025/12/30/0/1232462965451160.mp4
b309c2643749278f40a0812f9349d987,https://s6-projects.oss-us-east-1.aliyuncs.com/ads/s6_info_2021_v4/videos/2025/12/31/4/1215026850814474.mp4
938a6cd939e13362b23786b2099239da,https://s6-projects.oss-us-east-1.aliyuncs.com/ads/s6_info_2021_v4/videos/2025/12/31/1/1493436222311721.mp4
247b75a7943ad6d36a6b6cf5e3857825,https://s6-projects.oss-us-east-1.aliyuncs.com/ads/s6_info_2021_v4/videos/2026/01/02/0/1592017268917290.mp4
e49a1cb6831434c59a1f2862f20b2896,https://s6-projects.oss-us-east-1.aliyuncs.com/ads/s6_info_2021_v4/videos/2026/01/01/3/839761342230663.mp4
0e222795971729c0c14beb05815796fc,https://s6-projects.oss-us-east-1.aliyuncs.com/ads/s6_info_2021_v4/videos/2025/12/31/7/1204824611611277.mp4
c22bea43ec95408dff700a383104427d,https://s6-projects.oss-us-east-1.aliyuncs.com/ads/s6_info_2021_v4/videos/2026/01/01/7/1196025388691947.mp4
d52741e7a38f4258733ba62caf8d4435,https://s6-projects.oss-us-east-1.aliyuncs.com/ads/s6_info_2021_v4/videos/2025/12/31/7/1583528642993437.mp4
1008a233a61f16850d2850ef206536cf,https://s6-projects.oss-us-east-1.aliyuncs.com/ads/s6_info_2021_v4/videos/2026/01/06/5/1614861179680675.mp4
548799ca14d17eb4960a1ccc33df0f5d,https://s6-projects.oss-us-east-1.aliyuncs.com/ads/s6_info_2021_v4/videos/2026/01/01/3/886516897492393.mp4
967aab17fa3316c7d7d05dde1dc7ab9c,https://s6-projects.oss-us-east-1.aliyuncs.com/ads/s6_info_2021_v4/videos/2026/01/05/8/1643869413654848.mp4
7059a9766ad9e9f0b30febd2d8496b0f,https://s6-projects.oss-us-east-1.aliyuncs.com/ads/s6_info_2021_v4/videos/2026/01/06/2/1440547634742602.mp4
179318eb852d1045373d39f7133706bc,https://s6-projects.oss-us-east-1.aliyuncs.com/ads/s6_info_2021_v4/videos/2026/01/04/9/1552978912532819.mp4
e9c4770fab989277698bbd0fa30e6e93,https://s6-projects.oss-us-east-1.aliyuncs.com/ads/s6_info_2021_v4/videos/2025/12/31/5/1596782847980625.mp4
9098be5cd4e1e2164224793e24c70cae,https://s6-projects.oss-us-east-1.aliyuncs.com/ads/s6_info_2021_v4/videos/2025/12/31/5/25056637037369465.mp4
7145c29a05ba129cf7d426c0f9f7ee91,https://s6-projects.oss-us-east-1.aliyuncs.com/ads/s6_info_2021_v4/videos/2026/01/01/1/901298155741081.mp4
5397821412e2bd5fe8876684650ff808,https://s6-projects.oss-us-east-1.aliyuncs.com/ads/s6_info_2021_v4/videos/2026/01/05/1/864360392848601.mp4
d553ce546c91c2140c0020282bd49ac4,https://s6-projects.oss-us-east-1.aliyuncs.com/ads/s6_info_2021_v4/videos/2025/12/31/6/1404578754707416.mp4
064981fae866e052e0cf4b1eb0ed1d62,https://s6-projects.oss-us-east-1.aliyuncs.com/ads/s6_info_2021_v4/videos/2026/01/06/5/1617151332796615.mp4
3aa439e5fba9d66a01410433b75817a6,https://s6-projects.oss-us-east-1.aliyuncs.com/ads/s6_info_2021_v4/videos/2025/12/26/8/902930682067658.mp4
29e0d38a2778cfdcf78ca7e2299671ce,https://s6-projects.oss-us-east-1.aliyuncs.com/ads/s6_info_2021_v4/videos/2026/01/05/2/4323016931262212.mp4
9b0bd5d66200b43cb4048494ad8102ea,https://s6-projects.oss-us-east-1.aliyuncs.com/ads/s6_info_2021_v4/videos/2026/01/02/2/1536976017531652.mp4
167cae2fb2c058db135a74731729db60,https://s6-projects.oss-us-east-1.aliyuncs.com/ads/s6_info_2021_v4/videos/2026/01/01/9/900916749024389.mp4
d41d8cd98f00b204e9800998ecf8427e,https://s6-projects.oss-us-east-1.aliyuncs.com/ads/s6_info_2021_v4/videos/2026/01/03/9/856705227225119.mp4
c4596403174a805d632e4d6d7544f95d,https://s6-projects.oss-us-east-1.aliyuncs.com/ads/s6_info_2021_v4/videos/2026/01/05/9/919248344107299.mp4
ff34b53f02f088db956e2a5db5e79d96,https://s6-projects.oss-us-east-1.aliyuncs.com/ads/s6_info_2021_v4/videos/2026/01/05/3/905648511886153.mp4
8e7e516abe4356bae1db916d47a7251f,https://s6-projects.oss-us-east-1.aliyuncs.com/ads/s6_info_2021_v4/videos/2025/12/31/9/1178237707755159.mp4
c7c8779f8bbe9249078edc05582b6baf,https://s6-projects.oss-us-east-1.aliyuncs.com/ads/s6_info_2021_v4/videos/2025/12/26/4/1417213646587584.mp4
4ee8d5a81686b9d1dbe51181540298f6,https://s6-projects.oss-us-east-1.aliyuncs.com/ads/s6_info_2021_v4/videos/2025/12/29/2/1399319098573242.mp4
5663774a316840320bccf5b5f910e076,https://s6-projects.oss-us-east-1.aliyuncs.com/ads/s6_info_2021_v4/videos/2025/12/31/1/1037303788571031.mp4
e28bb416f43cbe24414c710f6508bc6d,https://s6-projects.oss-us-east-1.aliyuncs.com/ads/s6_info_2021_v4/videos/2026/01/05/5/896710906154755.mp4
d5ee9b80c508438f247420fede326439,https://s6-projects.oss-us-east-1.aliyuncs.com/ads/s6_info_2021_v4/videos/2025/12/31/8/1582175949484588.mp4
178f1e0fe8bfff04a3e475d8825fae16,https://s6-projects.oss-us-east-1.aliyuncs.com/ads/s6_info_2021_v4/videos/2025/12/31/1/1500145174399121.mp4
f1fa3ac2ee542e7cb05763fe59bf4076,https://s6-projects.oss-us-east-1.aliyuncs.com/ads/s6_info_2021_v4/videos/2026/01/05/1/1574510183703571.mp4
d90955f0704946fd65d5930113650a89,https://s6-projects.oss-us-east-1.aliyuncs.com/ads/s6_info_2021_v4/videos/2026/01/02/1/1795569257827271.mp4
32204956c46239fc75bba03eb38ffeab,https://s6-projects.oss-us-east-1.aliyuncs.com/ads/s6_info_2021_v4/videos/2025/12/31/3/1205525707601373.mp4
6029193fbb297a15ec4a6388474c9f1d,https://s6-projects.oss-us-east-1.aliyuncs.com/ads/s6_info_2021_v4/videos/2026/01/01/7/1325012456093737.mp4
e95efbc61c3a16884b6785a36686eccb,https://s6-projects.oss-us-east-1.aliyuncs.com/ads/s6_info_2021_v4/videos/2026/01/05/6/2017640655473696.mp4
057dae4dccc21190d4b6841859acc2cf,https://s6-projects.oss-us-east-1.aliyuncs.com/ads/s6_info_2021_v4/videos/2026/01/01/8/800983629649258.mp4
dc134f3589a21a591419fbdaa30e1fc5,https://s6-projects.oss-us-east-1.aliyuncs.com/ads/s6_info_2021_v4/videos/2026/01/01/4/782488951518554.mp4
15d48f1efd069c5f669f43c7843461d9,https://s6-projects.oss-us-east-1.aliyuncs.com/ads/s6_info_2021_v4/videos/2025/12/31/5/686847991178505.mp4
3da699e96ba0c6a41a698c6af44f049c,https://s6-projects.oss-us-east-1.aliyuncs.com/ads/s6_info_2021_v4/videos/2025/12/26/0/4156571497931430.mp4
88ecd3979e5c99c12c59b55709165a9f,https://s6-projects.oss-us-east-1.aliyuncs.com/ads/s6_info_2021_v4/videos/2025/12/31/0/911719147947250.mp4
bb175c9b01bda8b99d1ae9b1378a842e,https://s6-projects.oss-us-east-1.aliyuncs.com/ads/s6_info_2021_v4/videos/2025/12/31/0/895174089613210.mp4
624a470421e574bf4d78dd60b06498e6,https://s6-projects.oss-us-east-1.aliyuncs.com/ads/s6_info_2021_v4/videos/2025/12/31/3/898043962787223.mp4
7f12ded2bfa66bff19b51288010e265e,https://s6-projects.oss-us-east-1.aliyuncs.com/ads/s6_info_2021_v4/videos/2026/01/01/5/854501940698625.mp4
10dcb8eb2947872a8b203f413829264a,https://s6-projects.oss-us-east-1.aliyuncs.com/ads/s6_info_2021_v4/videos/2025/12/30/2/875162151940402.mp4
b73ed7777abdb739ac119104dcb7dc23,https://s6-projects.oss-us-east-1.aliyuncs.com/ads/s6_info_2021_v4/videos/2026/01/05/7/1848283472551257.mp4
51b8bad3dab41f0fc9963097a33ac394,https://s6-projects.oss-us-east-1.aliyuncs.com/ads/s6_info_2021_v4/videos/2025/12/31/6/2085305995568996.mp4
bb239edc735feb29f0638711f736b8d9,https://s6-projects.oss-us-east-1.aliyuncs.com/ads/s6_info_2021_v4/videos/2025/12/31/9/1192002463039589.mp4
0cc9bbf7ab5a425edbe8b2ac18be87a7,https://s6-projects.oss-us-east-1.aliyuncs.com/ads/s6_info_2021_v4/videos/2026/01/06/9/1204438391666089.mp4
2ffb3a71ced589c099f16bf0dcaf7bdb,https://s6-projects.oss-us-east-1.aliyuncs.com/ads/s6_info_2021_v4/videos/2025/12/31/2/891086013761692.mp4
685a3c6fa5c27e7fd0667c80ec148266,https://s6-projects.oss-us-east-1.aliyuncs.com/ads/s6_info_2021_v4/videos/2025/12/31/7/1176778468001707.mp4
6990a9cd359e4f56bd63231cd86ae11e,https://s6-projects.oss-us-east-1.aliyuncs.com/ads/s6_info_2021_v4/videos/2025/12/31/1/896639932926441.mp4
8b5466516e3c3695e6f9e19707cbafa8,https://s6-projects.oss-us-east-1.aliyuncs.com/ads/s6_info_2021_v4/videos/2025/12/31/2/2147527246074852.mp4
53cd6a7d15fb5163188346f1b8ddca42,https://s6-projects.oss-us-east-1.aliyuncs.com/ads/s6_info_2021_v4/videos/2025/12/31/9/1200744328133769.mp4
dbde1886da506412f9384a3208b78a6f,https://s6-projects.oss-us-east-1.aliyuncs.com/ads/s6_info_2021_v4/videos/2026/01/05/1/1578678843163891.mp4
3dd24a10e17523f9af8f4e00930e151b,https://s6-projects.oss-us-east-1.aliyuncs.com/ads/s6_info_2021_v4/videos/2025/12/31/3/1833533500693383.mp4
decb507de0a0cff64acded04efc18d25,https://s6-projects.oss-us-east-1.aliyuncs.com/ads/s6_info_2021_v4/videos/2025/12/31/3/4293285977552653.mp4
a47a0a5070309bd5c96d749c46e75d45,https://s6-projects.oss-us-east-1.aliyuncs.com/ads/s6_info_2021_v4/videos/2026/01/06/4/1031868129141284.mp4
862bf7b889d9f75596c19841108ad93e,https://s6-projects.oss-us-east-1.aliyuncs.com/ads/s6_info_2021_v4/videos/2025/12/31/1/718938921279741.mp4
c2e0c9b08bbf641076e25198a816ada6,https://s6-projects.oss-us-east-1.aliyuncs.com/ads/s6_info_2021_v4/videos/2025/12/31/2/1039666561672432.mp4
4436b6963e71d3cded632b4e82012071,https://s6-projects.oss-us-east-1.aliyuncs.com/ads/s6_info_2021_v4/videos/2026/01/02/0/1649753699766660.mp4
e8863252ef52a489bd9fbeb596e169e0,https://s6-projects.oss-us-east-1.aliyuncs.com/ads/s6_info_2021_v4/videos/2025/12/31/9/898843989372469.mp4
b05696736f69a1ba56f5866f79609e65,https://s6-projects.oss-us-east-1.aliyuncs.com/ads/s6_info_2021_v4/videos/2025/12/31/0/1538596787440840.mp4
0d5b20e2b2bb51031d21f429ad92e27c,https://s6-projects.oss-us-east-1.aliyuncs.com/ads/s6_info_2021_v4/videos/2025/12/31/7/794940756891327.mp4
21fe74c6fa45461b33324ed506fe0aca,https://s6-projects.oss-us-east-1.aliyuncs.com/ads/s6_info_2021_v4/videos/2026/01/01/2/1512235586524702.mp4
16a85abf14d0a9112ba5635b7ea84d46,https://s6-projects.oss-us-east-1.aliyuncs.com/ads/s6_info_2021_v4/videos/2025/12/31/4/2976429295860714.mp4
edd5b4f073a500fa15128f7579844acf,https://s6-projects.oss-us-east-1.aliyuncs.com/ads/s6_info_2021_v4/videos/2026/01/02/8/1594417011601278.mp4
dc6ae846daa025f6a2d8bb5ebb54681f,https://s6-projects.oss-us-east-1.aliyuncs.com/ads/s6_info_2021_v4/videos/2025/12/31/8/1461797995672478.mp4
ebd5633cbbab8a5e8ebbfcd15bbaf929,https://s6-projects.oss-us-east-1.aliyuncs.com/ads/s6_info_2021_v4/videos/2025/12/31/2/852777984323852.mp4
200a9541b833e7e21c6439513c08d4df,https://s6-projects.oss-us-east-1.aliyuncs.com/ads/s6_info_2021_v4/videos/2025/12/31/6/1371866471401576.mp4
c83f352d776d372f7e81f1be6ec7da15,https://s6-projects.oss-us-east-1.aliyuncs.com/ads/s6_info_2021_v4/videos/2026/01/05/9/1943668546581019.mp4
66e83590c7a4a9f2cd4f0f4f6369cdd9,https://s6-projects.oss-us-east-1.aliyuncs.com/ads/s6_info_2021_v4/videos/2025/12/31/1/1544178970163011.mp4
b1ed064e247ef5fb31a8b5b50dfc2cb2,https://s6-projects.oss-us-east-1.aliyuncs.com/ads/s6_info_2021_v4/videos/2025/12/31/0/1392992235710670.mp4
dbb4ff6ca8fb2c91d652c510450c0a2f,https://s6-projects.oss-us-east-1.aliyuncs.com/ads/s6_info_2021_v4/videos/2025/12/31/4/1544718706811314.mp4
71697bebf42d4aab5e2a73bf6245af2e,https://s6-projects.oss-us-east-1.aliyuncs.com/ads/s6_info_2021_v4/videos/2025/12/31/3/1415257093531443.mp4
8ba214cae697bec43b5ce745a52da01c,https://s6-projects.oss-us-east-1.aliyuncs.com/ads/s6_info_2021_v4/videos/2025/12/31/4/1547898383114884.mp4
0ba9eb831f8faa1960729e5f856ef699,https://s6-projects.oss-us-east-1.aliyuncs.com/ads/s6_info_2021_v4/videos/2026/01/02/3/1543040063661873.mp4
9718684b2e86688c3b3b14760a86d29c,https://s6-projects.oss-us-east-1.aliyuncs.com/ads/s6_info_2021_v4/videos/2025/12/31/7/1961123771420287.mp4
e97ecbb383196a2ae2401e95525b6830,https://s6-projects.oss-us-east-1.aliyuncs.com/ads/s6_info_2021_v4/videos/2025/12/31/5/708058752138435.mp4
215d930efebbf8e5dd8491b5ad37f329,https://s6-projects.oss-us-east-1.aliyuncs.com/ads/s6_info_2021_v4/videos/2025/12/31/5/2098483120987675.mp4
b036cb1557195260cf9283c4af643740,https://s6-projects.oss-us-east-1.aliyuncs.com/ads/s6_info_2021_v4/videos/2025/12/31/8/1865011857712788.mp4
84956559111b2869c665f8d0f319cda8,https://s6-projects.oss-us-east-1.aliyuncs.com/ads/s6_info_2021_v4/videos/2026/01/05/7/1603332141111287.mp4
d899009a9102cd2cefb656179404a6dc,https://s6-projects.oss-us-east-1.aliyuncs.com/ads/s6_info_2021_v4/videos/2025/12/31/1/1375520157453441.mp4
